Domain Name,Domain Type,Agency,Organization,City,State,Security Contact Email
AON.COM,Federal Agency - Executive,Department of the Treasury,,Washington,DC,
AONBENFIELD.COM,Federal Agency - Executive,Department of the Treasury,,Washington,DC,
HEARTTRUTH.NET,Federal Agency - Executive,Department of Health and Human Services,,Washington,DC,
HEARTTRUTH.ORG,Federal Agency - Executive,Department of Health and Human Services,,Washington,DC,
MANUFACTURINGUSA.COM,Federal Agency - Executive,Department of Commerce,,Boulder,CO,
MEDLINEPLUS.NET,Federal Agency - Executive,Department of Health and Human Services,,Washington,DC,
MFGUSA.COM,Federal Agency - Executive,Department of Commerce,,Boulder,CO,
NLM.NET,Federal Agency - Executive,Department of Health and Human Services,,Washington,DC,
PHPARTNERS.ORG,Federal Agency - Executive,Department of Health and Human Services,,Washington,DC,
SHOPVCS.COM,Federal Agency - Executive,Department of Veterans Affairs,,Washington,DC,
THEHEARTTRUTH.NET,Federal Agency - Executive,Department of Health and Human Services,,Washington,DC,
THEHEARTTRUTH.ORG,Federal Agency - Executive,Department of Health and Human Services,,Washington,DC,
THEHEARTTRUTH.COM,Federal Agency - Executive,Department of Health and Human Services,,Washington,DC,
USDA.NET,Federal Agency - Executive,U.S. Department of Agriculture,,Washington,DC,
USMMA.EDU,Federal Agency - Executive,Department of Transportation,,Kings Point,NY,
VACLOUD.US,Federal Agency - Executive,Department of Veterans Affairs,,Washington,DC,
VAFTL.US,Federal Agency - Executive,Department of Veterans Affairs,,Washington,DC,
VAGLAID.ORG,Federal Agency - Executive,Department of Veterans Affairs,,Washington,DC,
VAMOBILE.US,Federal Agency - Executive,Department of Veterans Affairs,,Washington,DC,
VAPULSE.NET,Federal Agency - Executive,Department of Veterans Affairs,,Washington,DC,
VETERANSCRISISLINE.NET,Federal Agency - Executive,Department of Veterans Affairs,,Washington,DC,
VETERANSHEALTHLIBRARY.ORG,Federal Agency - Executive,Department of Veterans Affairs,,Washington,DC,
